,ETH,SOL,HYPE
ETH,1.0,0.7598910679603198,0.49340934384077617
SOL,0.7598910679603198,1.0,0.46480914331970974
HYPE,0.49340934384077617,0.46480914331970974,1.0
