Cryptocurrency,Volatility (%)
ETH,75.93515838528714
SOL,87.3100155024821
HYPE,131.97186659557866
